{
    "rmse": 0.6034923363225088,
    "mae": 0.43085,
    "r2": 0.42352419769696503
}